Workbook

Sheet Fórmulas básicas
F2: TABELA DOS FUNCIONÁRIOS
F3: Nº | G3: NOME | H3: SEXO | I3: IDADE | K3: Total | L3: =SUM(I4:I14) -> 302
F4: 1 | G4: =UPPER(Rascunho!C11) -> LUCAS | H4: =UPPER(Rascunho!E11) -> M | I4: 71 | K4: Min | L4: =SMALL(I4:I14,M4) -> 10 | M4: 2
F5: =$F4+1 -> 2 | G5: =UPPER(Rascunho!C13) -> MARIA GUILHERME | H5: =UPPER(Rascunho!E13) -> F | I5: 44 | K5: Max | L5: =LARGE(I4:I14,M5) -> 44 | M5: 2
F6: =$F5+1 -> 3 | G6: =UPPER(Rascunho!C9) -> VILA | H6: =UPPER(Rascunho!E9) -> M | I6: 43 | K6: Media | L6: =AVERAGE(I4:I14) -> 30.2
F7: =$F6+1 -> 4 | G7: =UPPER(Rascunho!C12) -> JAIME DA CONCEIÇÃO | H7: =UPPER(Rascunho!E12) -> M | I7: 35 | K7: Contar nº ceclula | L7: =COUNT(F4:I13) -> 20
F8: =$F7+1 -> 5 | G8: =UPPER(Rascunho!C10) -> PAULO DA SÍLVA | H8: =UPPER(Rascunho!E10) -> M | I8: 31 | K8: Contar ceclulas vazias | L8: =COUNTBLANK(F4:I13) -> 0
F9: =$F8+1 -> 6 | G9: =UPPER(Rascunho!C8) -> RONALDO | H9: =UPPER(Rascunho!E8) -> M | I9: 29 | K9: Contar celulas com valores | L9: =COUNTA(F4:I13) -> 40
F10: =$F9+1 -> 7 | G10: =UPPER(Rascunho!C5) -> MIGUEL DA SILVA | H10: =UPPER(Rascunho!E5) -> M | I10: 19 | K10: Idade de todas as mulheres | L10: =SUMIF(H4:H13,"f",I4:I13) -> 71
F11: =$F10+1 -> 8 | G11: =UPPER(Rascunho!C7) -> SILVA MARCULINO PIEDOSO | H11: =UPPER(Rascunho!E7) -> F | I11: 17 | K11: Idade de todos os homens | L11: =SUMIF(H4:H13,"m",I4:I13) -> 231
F12: =$F11+1 -> 9 | G12: =UPPER(Rascunho!C6) -> JOAO ROCHA | H12: =UPPER(Rascunho!E6) -> F | I12: 10 | K12: Qtd. Homens | L12: =COUNTIF(H4:H13,"m") -> 7
F13: =$F12+1 -> 10 | G13: =UPPER(Rascunho!C14) -> ANLIA JULIAS | H13: =UPPER(Rascunho!E15) -> M | I13: 3 | K13: Qtd. Mulheres | L13: =COUNTIF(H4:H13,"f") -> 3
F14: =$F13+1 -> 11 | G14: =UPPER(Rascunho!C15) -> LUIS DIAS | K14: Total de celulas com valores | L14: =COUNTA(F3:I13) -> 44

Sheet Rascunho
C4: NOME | E4: SEXO
C5: Miguel da silva | E5: m
C6: Joao rocha | E6: f
C7: sIlva Marculino Piedoso | E7: f
C8: Ronaldo | E8: m
C9: vila | E9: m
C10: Paulo Da Sílva | E10: m
C11: lucas | E11: m
C12: Jaime da Conceição | E12: m
C13: maria Guilherme | E13: f
C14: anlia julias | E14: f
C15: Luis dias | E15: m
