Workbook

Sheet 1
B3: Nº | C3: =UPPER('2'!C4) -> NOME COMPLETO | D3: =UPPER('2'!D4) -> DIA | E3: =UPPER('2'!E4) -> MÊS | G3: 2 | J3: 20 | K3: 85
B4: 1 | C4: =LOWER('2'!C5) -> julia manuel | D4: 2
B5: =B4+1 -> 2 | C5: =LOWER('2'!C6) -> maria | D5: 7 | F5: =PRODUCT(D4:D13) -> 56818238400 | H5: =J3/K3 -> 0.23529412
B6: =B5+1 -> 3 | C6: =LOWER('2'!C7) -> helio jacinto | D6: 29 | F6: =AVERAGE(D4:D13,G3) -> 15.636364
B7: =B6+1 -> 4 | C7: =LOWER('2'!C8) -> paulo da cruz | D7: 2
B8: =B7+1 -> 5 | C8: =LOWER('2'!C9) -> figueira marcos | D8: 18 | J8: =MAIÚSCULA(G9)
B9: =B8+1 -> 6 | C9: =LOWER('2'!C10) -> jack | D9: 31 | G9: nome | J9: =MAIÚSCULA('1'!C4)
B10: =B9+1 -> 7 | C10: =LOWER('2'!C11) -> marcos | D10: 22 | J10: =MAIÚSCULA('2'!C4)
B11: =B10+1 -> 8 | C11: =LOWER('2'!C12) -> paulino jeremias | D11: 19
B12: =B11+1 -> 9 | C12: =LOWER('2'!C13) -> zélia navarro | D12: 10
B13: =B12+1 -> 10 | C13: =LOWER('2'!C14) -> wylma | D13: 30

Sheet 2
C4: nome completo | D4: dia | E4: mês | F4: ano
C5: julia manuel
C6: maria
C7: Helio Jacinto
C8: Paulo da Cruz
C9: Figueira Marcos | F9: p
C10: jack
C11: Marcos
C12: Paulino Jeremias
C13: Zélia Navarro
C14: Wylma

Sheet Planilha5
